date,loan_count,row_count,event_rate
2025-01-01,69729,69729,0.012648969582239815
2025-02-01,55530,55530,0.013398163155051324
2025-03-01,65252,65252,0.013915282290198002
2025-04-01,72424,72424,0.014373688280128135
2025-05-01,81485,81485,0.012824446217095171
2025-06-01,91115,91115,0.013784777479010041
2025-07-01,87813,87813,0.01363123911038229
2025-08-01,91828,91828,0.014516269547414732
2025-09-01,82210,82210,0.015058995256051574
2025-10-01,88856,88856,0.015508238048077789
2025-11-01,85810,85810,0.01405430602493882
2025-12-01,88898,88898,0.01642331661004747
